,City,Latitude,Longitude,Max Temperature,Humidity,Cloudiness,Wind Speed,Country,Date
0,Busselton,-33.65,115.3333,72.09,36,6,4.76,AU,1638414576
1,Port Alfred,-33.5906,26.891,67.46,92,93,3.11,ZA,1638414576
2,Tahe,52.3333,124.7333,7.74,78,100,7.61,CN,1638414576
3,Qaanaaq,77.484,-69.3632,5.56,68,12,6.89,GL,1638414577
4,Punta Arenas,-53.15,-70.9167,44.71,70,20,9.22,CL,1638414389
5,Bathsheba,13.2167,-59.5167,80.08,78,100,21.27,BB,1638414577
6,Hobart,-42.8794,147.3294,83.26,54,75,1.01,AU,1638414471
7,Acaraú,-2.8856,-40.12,79.72,81,92,11.63,BR,1638414397
8,Jamestown,42.097,-79.2353,38.71,97,90,4.0,US,1638414577
9,Soledad,10.9184,-74.7646,80.73,83,0,16.11,CO,1638414408
10,Katsuura,35.1333,140.3,53.71,35,0,4.79,JP,1638414578
11,Bredasdorp,-34.5322,20.0403,59.67,67,78,9.15,ZA,1638414578
12,Rikitea,-23.1203,-134.9692,76.24,74,2,18.03,PF,1638414578
13,Hilo,19.7297,-155.09,77.29,81,90,0.0,US,1638414579
14,Oberndorf,48.2905,8.5722,40.23,100,100,7.43,DE,1638414579
15,Christchurch,-43.5333,172.6333,67.03,71,90,5.99,NZ,1638414579
16,Faanui,-16.4833,-151.75,79.48,75,100,13.2,PF,1638414579
17,Seminole,28.7086,-81.2081,65.62,90,40,0.0,US,1638414580
18,Atuona,-9.8,-139.0333,78.8,76,63,21.03,PF,1638414316
19,Mataura,-46.1927,168.8643,68.49,42,100,5.5,NZ,1638414580
20,Albany,42.6001,-73.9662,34.81,81,100,4.23,US,1638414447
21,Beringovskiy,63.05,179.3167,-5.19,94,62,9.78,RU,1638414580
22,Bluff,-46.6,168.3333,68.81,76,100,13.15,NZ,1638414581
23,Sault Ste. Marie,46.5168,-84.3333,38.89,81,90,6.91,CA,1638414313
24,Hermanus,-34.4187,19.2345,57.9,73,75,8.01,ZA,1638414581
25,Torbay,47.6666,-52.7314,38.26,89,82,1.01,CA,1638414581
26,Ushuaia,-54.8,-68.3,44.26,70,20,19.57,AR,1638414316
27,Guerrero Negro,27.9769,-114.0611,63.97,83,11,9.37,MX,1638414582
28,Innisfail,-17.5333,146.0333,87.53,62,8,10.4,AU,1638414582
29,Butaritari,3.0707,172.7902,82.27,76,72,11.83,KI,1638414582
30,Cabo San Lucas,22.8909,-109.9124,78.51,64,1,0.0,MX,1638414469
31,Porto-Novo,6.4965,2.6036,78.48,87,95,5.06,BJ,1638414583
32,Bambous Virieux,-20.3428,57.7575,82.22,74,75,6.91,MU,1638414583
33,Norman Wells,65.282,-126.8329,-24.52,97,100,6.4,CA,1638414583
34,Vaini,-21.2,-175.2,84.36,84,20,9.22,TO,1638414583
35,Gravdal,68.1214,13.5031,33.62,58,100,33.11,NO,1638414584
36,Airai,-8.9266,125.4092,79.18,45,47,2.26,TL,1638414584
37,George Town,5.4112,100.3354,79.9,87,40,3.44,MY,1638414307
38,Yar-Sale,66.8333,70.8333,1.76,95,100,14.83,RU,1638414584
39,Kaitangata,-46.2817,169.8464,65.93,78,100,10.89,NZ,1638414399
40,Nikolskoye,59.7035,30.7861,19.29,98,93,3.09,RU,1638414389
41,Vila Velha,-20.3297,-40.2925,76.95,89,75,3.44,BR,1638414585
42,Pangkalanbuun,-2.6833,111.6167,90.23,53,100,2.17,ID,1638414585
43,Cape Town,-33.9258,18.4232,58.26,68,0,11.88,ZA,1638414585
44,Laguna,38.421,-121.4238,64.9,87,1,0.0,US,1638414533
45,Thompson,55.7435,-97.8558,-4.67,93,99,5.37,CA,1638414586
46,Diamantino,-14.4086,-56.4461,74.07,87,98,3.56,BR,1638414586
47,New Norfolk,-42.7826,147.0587,82.9,37,82,1.01,AU,1638414586
48,Geraldton,-28.7667,114.6,75.61,50,0,17.27,AU,1638414587
49,Kavaratti,10.5669,72.642,82.38,77,39,12.37,IN,1638414381
50,Mar del Plata,-38.0023,-57.5575,61.88,88,0,18.99,AR,1638414587
51,Verkh-Usugli,52.7,115.1667,12.81,49,0,9.13,RU,1638414587
52,Mahon,39.8885,4.2658,52.36,93,20,6.91,ES,1638414588
53,Sitka,57.0531,-135.33,35.49,64,90,13.8,US,1638414588
54,Chui,-33.6971,-53.4616,57.79,77,10,5.39,UY,1638414546
55,Warwick,41.7001,-71.4162,40.19,76,75,0.0,US,1638414588
56,Nabire,-3.3667,135.4833,80.74,84,100,0.07,ID,1638414588
57,Rome,43.2128,-75.4557,39.83,80,1,9.22,US,1638414589
58,Cayenne,4.9333,-52.3333,81.09,86,75,4.0,GF,1638414589
59,Castro,-24.7911,-50.0119,62.8,91,49,9.98,BR,1638414589
60,Mahébourg,-20.4081,57.7,82.26,74,75,6.91,MU,1638414590
61,Paamiut,61.994,-49.6678,29.25,95,100,21.7,GL,1638414590
62,Nema,57.5067,50.5011,24.71,90,96,9.91,RU,1638414590
63,Lata,40.1629,-8.3327,52.92,90,100,12.01,PT,1638414591
64,Lebu,-37.6167,-73.65,53.35,92,100,11.54,CL,1638414591
65,Safaga,26.7292,33.9365,66.24,67,52,18.59,EG,1638414591
66,Upernavik,72.7868,-56.1549,27.43,97,100,6.49,GL,1638414591
67,Penzance,50.1186,-5.5371,45.61,71,71,22.91,GB,1638414592
68,Saint Paul Harbor,57.79,-152.4072,17.11,79,90,36.82,US,1638414398
69,Dhidhdhoo,6.8833,73.1,81.91,76,35,8.57,MV,1638414592
70,Clyde River,70.4692,-68.5914,7.03,85,100,18.41,CA,1638414592
71,Aswān,24.0934,32.907,62.06,55,50,12.91,EG,1638414593
72,La Ronge,55.1001,-105.2842,12.13,95,99,2.75,CA,1638414593
73,Lüderitz,-26.6481,15.1594,58.84,70,0,16.89,NA,1638414593
74,Inuvik,68.3499,-133.7218,-15.36,99,100,5.55,CA,1638414593
75,Pundaguitan,6.3711,126.1689,83.14,73,100,4.83,PH,1638414594
76,Río Gallegos,-51.6226,-69.2181,46.45,46,0,11.5,AR,1638414554
77,Soma,39.1855,27.6094,38.61,82,0,3.62,TR,1638414594
78,Yellowknife,62.456,-114.3525,-0.58,97,100,6.53,CA,1638414594
79,Mount Isa,-20.7333,139.5,100.17,17,0,12.66,AU,1638414595
80,Rafaela,-31.2503,-61.4867,70.99,55,0,1.99,AR,1638414595
81,Rivne,50.6231,26.2274,37.83,89,100,16.44,UA,1638414595
82,Avarua,-21.2078,-159.775,77.05,88,20,10.36,CK,1638414595
83,Havre-St-Pierre,50.2334,-63.5986,25.16,93,90,4.61,CA,1638414596
84,Nagato,34.3833,131.2,48.2,52,6,11.54,JP,1638414596
85,Baikingon,8.4722,124.5536,81.52,76,89,5.99,PH,1638414596
86,Troitskoye,52.9821,84.6757,14.02,87,5,5.68,RU,1638414597
87,Ponta do Sol,32.6667,-17.1,65.71,73,18,5.66,PT,1638414597
88,Arraial do Cabo,-22.9661,-42.0278,73.13,88,43,8.55,BR,1638414597
89,Hasaki,35.7333,140.8333,57.29,34,0,15.84,JP,1638414597
90,Tasiilaq,65.6145,-37.6368,26.13,92,100,34.85,GL,1638414556
91,Astoria,46.1879,-123.8313,52.93,98,90,1.99,US,1638414339
92,Kirkwall,58.9848,-2.9587,39.25,65,40,29.93,GB,1638414598
93,Isangel,-19.55,169.2667,82.87,71,86,13.69,VU,1638414598
94,Ullapool,57.8987,-5.1604,36.36,77,92,10.74,GB,1638414598
95,Alto Longá,-5.2511,-42.2103,81.41,57,100,4.16,BR,1638414599
96,Pombas,17.1503,-25.0201,71.38,65,100,16.89,CV,1638414599
97,Mayor Pablo Lagerenza,-19.9309,-60.7718,74.73,90,100,5.32,PY,1638414599
98,Lālmohan,22.3384,90.7419,75.61,61,3,6.13,BD,1638414600
99,Tuktoyaktuk,69.4541,-133.0374,-8.5,94,100,5.32,CA,1638414600
100,Manta,-0.95,-80.7333,73.18,83,40,6.91,EC,1638414600
101,Chokurdakh,70.6333,147.9167,-36.22,100,92,6.31,RU,1638414600
102,East London,-33.0153,27.9116,69.03,94,100,0.72,ZA,1638414601
103,Puerto Ayora,-0.7393,-90.3518,68.38,90,43,8.39,EC,1638414601
104,Kungurtug,50.5994,97.5228,8.89,75,41,1.25,RU,1638414601
105,Vardø,70.3705,31.1107,34.27,58,100,30.42,NO,1638414601
106,Yurla,59.3259,54.3223,19.92,95,70,4.61,RU,1638414602
107,Mossamedes,-15.1961,12.1522,69.71,83,98,5.57,AO,1638414602
108,Abalak,58.1286,68.5944,34.36,80,100,13.42,RU,1638414602
109,Tiksi,71.6872,128.8694,-28.93,100,78,4.41,RU,1638414603
110,Birgunj,27.0104,84.8774,70.39,53,99,0.65,NP,1638414603
111,Ambon City,-3.6954,128.1814,77.14,83,40,6.91,ID,1638414603
112,Talnakh,69.4865,88.3972,-23.06,98,24,4.79,RU,1638414604
113,Salalah,17.0151,54.0924,72.25,45,0,5.79,OM,1638414604
114,Luwuk,-0.9516,122.7875,84.38,67,100,2.06,ID,1638414604
115,Kwinana,-32.25,115.7667,77.18,51,0,9.84,AU,1638414605
116,Tabou,4.423,-7.3528,78.4,84,27,5.53,CI,1638414605
117,Saint-Philippe,-21.3585,55.7679,75.11,84,56,11.61,RE,1638414543
118,Havøysund,70.9963,24.6622,31.08,62,100,24.9,NO,1638414605
119,Ouro Fino,-22.2831,-46.3692,63.68,86,0,4.29,BR,1638414606
120,Ribeira Grande,38.5167,-28.7,63.99,81,4,4.83,PT,1638414606
121,Tuatapere,-46.1333,167.6833,68.83,53,100,7.05,NZ,1638414606
122,Topchikha,52.8192,83.1185,16.38,89,5,5.01,RU,1638414607
123,Port-Gentil,-0.7193,8.7815,79.38,83,100,5.84,GA,1638414607
124,Havelock,34.8791,-76.9013,57.94,77,96,7.0,US,1638414608
125,Camacha,33.0833,-16.3333,62.02,72,40,10.36,PT,1638414608
126,Mattru,7.6244,-11.8332,74.95,94,98,1.23,SL,1638414608
127,Ozinki,51.1786,49.6769,27.61,82,9,10.09,RU,1638414609
128,Henties Bay,-22.116,14.2845,57.85,95,8,4.38,NA,1638414609
129,Petropavlovsk-Kamchatskiy,53.0452,158.6483,43.39,100,90,31.32,RU,1638414609
130,Pisco,-13.7,-76.2167,64.45,82,0,6.91,PE,1638414609
131,Fortuna,40.5982,-124.1573,51.66,59,90,0.0,US,1638414610
132,Youghal,51.95,-7.8506,39.54,87,22,13.98,IE,1638414610
133,Guadalupe y Calvo,26.1,-106.9667,47.44,73,33,4.43,MX,1638414610
134,Imbituba,-28.24,-48.6703,71.82,82,100,7.49,BR,1638414611
135,Esperance,-33.8667,121.9,66.51,59,24,15.68,AU,1638414611
136,Dhārchula,29.85,80.5333,62.91,47,100,2.82,IN,1638414611
137,Caucayá,-0.1934,-74.7819,75.04,84,99,2.37,CO,1638414612
138,Kirakira,-10.4544,161.9205,83.73,77,36,2.46,SB,1638414612
139,Bethel,41.3712,-73.414,42.19,76,90,4.61,US,1638414612
140,Saskylakh,71.9167,114.0833,-35.36,100,98,1.39,RU,1638414612
141,Umm Kaddadah,13.6017,26.6876,70.29,25,0,19.6,SD,1638414613
142,Te Anau,-45.4167,167.7167,72.19,49,100,4.14,NZ,1638414613
143,Pervomayskoye,43.919,46.7102,40.57,66,100,6.13,RU,1638414613
144,Aloleng,16.1307,119.7824,81.45,63,85,9.98,PH,1638414614
145,Mitsamiouli,-11.3847,43.2844,80.11,76,35,12.97,KM,1638414614
146,Tessalit,20.1986,1.0114,70.12,18,36,9.19,ML,1638414614
147,Nesbyen,60.5681,9.1027,23.02,91,29,4.54,NO,1638414614
148,Urusha,54.05,122.9,10.17,61,93,5.66,RU,1638414615
149,Kuala Terengganu,5.3302,103.1408,78.19,88,99,9.75,MY,1638414615
150,Pangai,-19.8,-174.35,80.71,69,75,13.8,TO,1638414615
151,Vanavara,60.34,102.2797,-1.3,96,100,3.06,RU,1638414616
152,Sioux Lookout,50.1001,-91.917,32.38,98,100,6.87,CA,1638414616
153,São Filipe,14.8961,-24.4956,74.71,68,100,11.18,CV,1638414616
154,Rock Sound,24.9,-76.2,78.49,63,3,12.08,BS,1638414558
155,Kanigoro,-8.13,112.219,82.31,76,100,6.29,ID,1638414616
156,Carballo,43.213,-8.691,52.86,87,100,12.91,ES,1638414617
157,Aksarka,66.5606,67.7975,0.37,96,100,14.29,RU,1638414617
158,Jiuquan,39.7432,98.5174,31.66,26,0,6.24,CN,1638414617
159,Praia,14.9215,-23.5087,73.94,73,75,18.41,CV,1638414618
160,Sechura,-5.5569,-80.8222,66.22,80,100,8.43,PE,1638414618
161,Makubetsu,45.3714,141.8211,26.31,86,75,27.63,JP,1638414618
162,Yangambi,0.8102,24.4336,68.14,99,100,0.56,CD,1638414618
163,Dunedin,-45.8742,170.5036,59.18,84,100,15.9,NZ,1638414619
164,Derzhavīnsk,51.1,66.3167,38.28,71,100,17.47,KZ,1638414619
165,Inhambane,-23.865,35.3833,72.12,86,37,9.01,MZ,1638414619
166,Duku,11.2361,4.9073,72.21,23,98,4.21,NG,1638414620
167,Muros,42.7762,-9.0603,55.83,93,98,20.92,ES,1638414620
168,Flinders,-34.5833,150.8552,84.79,71,41,13.06,AU,1638414620
169,Morropón,-5.1822,-79.9689,71.64,74,100,4.68,PE,1638414620
170,Paraty,-23.2178,-44.7131,72.46,97,100,1.79,BR,1638414621
171,Palmerston,-12.486,130.9833,98.04,58,75,8.05,AU,1638414621
172,Berthierville,46.0834,-73.1824,29.14,78,99,1.99,CA,1638414621
173,Qandala,11.472,49.8728,74.23,52,0,4.43,SO,1638414622
174,Santiago,-33.4569,-70.6483,65.86,50,0,9.22,CL,1638414588
175,Khorinsk,52.1657,109.7726,16.93,65,88,7.65,RU,1638414622
176,Portland,45.5234,-122.6762,57.74,92,40,1.99,US,1638414010
177,Hong Kong,22.2855,114.1577,66.04,42,6,1.01,HK,1638413809
178,Sabana Grande,18.0777,-66.9604,78.01,88,88,1.01,PR,1638414622
179,Nanchong,30.7951,106.0847,57.16,49,9,3.18,CN,1638414623
180,Quang Ngai,15.1167,108.8,70.02,89,100,9.24,VN,1638414354
181,Port Lincoln,-34.7333,135.8667,64.72,55,36,17.56,AU,1638414623
182,Khuzdar,27.7384,66.6434,52.84,39,0,1.59,PK,1638414623
183,Kjøpsvik,68.097,16.3742,31.05,72,100,17.85,NO,1638414623
184,Hailar,49.2,119.7,15.44,69,100,18.19,CN,1638414496
185,Baião,-2.7906,-49.6717,77.56,76,55,2.57,BR,1638414624
186,Ancud,-41.8697,-73.8203,45.93,80,100,4.81,CL,1638414624
187,Todos Santos,23.45,-110.2167,75.0,74,33,6.02,MX,1638414625
188,Kapaa,22.0752,-159.319,82.38,77,75,1.99,US,1638414625
189,Matamoros,25.5333,-103.25,73.51,38,75,0.0,MX,1638414619
190,Adrar,20.5022,-10.0711,67.73,14,100,10.25,MR,1638414625
191,Rocha,-34.4833,-54.3333,53.89,84,66,3.6,UY,1638414626
192,Bemidji,47.4736,-94.8803,43.09,70,1,14.97,US,1638414626
193,Kiryat Gat,31.61,34.7642,63.28,100,53,8.08,IL,1638414626
194,Port-Cartier,50.0334,-66.8654,14.22,72,86,9.98,CA,1638414627
195,Shīeli,44.1667,66.75,50.04,38,98,20.51,KZ,1638414627
196,Ambilobe,-13.2,49.05,75.0,72,7,2.93,MG,1638414627
197,Avera,33.194,-82.5271,60.67,50,95,7.38,US,1638414627
198,Aklavik,68.2191,-135.0107,-14.49,99,100,9.64,CA,1638414628
199,Ballina,-28.8667,153.5667,77.95,79,40,16.84,AU,1638414628
200,Bengkulu,-3.8004,102.2655,82.69,67,52,6.51,ID,1638414628
201,Port Blair,11.6667,92.75,78.84,89,90,6.91,IN,1638414629
202,Comodoro Rivadavia,-45.8667,-67.5,55.26,30,0,27.63,AR,1638414629
203,West Bay,19.3667,-81.4167,79.0,80,20,1.99,KY,1638414629
204,Flin Flon,54.7682,-101.865,9.14,91,100,7.52,CA,1638414629
205,Nanortalik,60.1432,-45.2371,32.67,98,100,21.18,GL,1638414630
206,Cidreira,-30.1811,-50.2056,65.01,71,93,6.69,BR,1638414630
207,Cherskiy,68.75,161.3,-34.65,100,62,4.07,RU,1638414630
208,Arona,28.0996,-16.681,61.79,64,20,1.99,ES,1638414392
209,Road Town,18.4167,-64.6167,80.69,77,93,19.44,VG,1638414629
210,Hithadhoo,-0.6,73.0833,82.06,74,91,5.82,MV,1638414626
211,Xichang,27.8964,102.2634,54.01,66,100,1.07,CN,1638414631
212,Sarkand,45.41,79.9186,37.06,63,100,5.39,KZ,1638414631
213,Leningradskiy,69.3833,178.4167,-15.21,89,100,3.33,RU,1638414631
214,San Rafael,-34.6177,-68.3301,69.87,55,19,9.6,AR,1638414632
215,Severo-Kuril'sk,50.6789,156.125,37.99,82,98,26.44,RU,1638414576
216,Ürümqi,43.801,87.6005,9.55,85,1,2.24,CN,1638414632
217,Ginir,7.1333,40.7,52.77,48,34,3.78,ET,1638414632
218,Yulara,-25.2406,130.9889,100.56,9,0,1.3,AU,1638414633
219,Boshnyakovo,49.6333,142.1667,20.3,80,100,31.83,RU,1638414633
220,Władysławowo,54.7909,18.4009,40.93,75,100,24.83,PL,1638414633
221,Bath,51.3779,-2.3591,37.87,88,6,6.2,GB,1638414633
222,Okha,53.5739,142.9478,19.53,87,100,46.06,RU,1638414634
223,Bonthe,7.5264,-12.505,76.98,86,98,4.03,SL,1638414634
224,Xining,36.6167,101.7667,26.29,35,91,2.64,CN,1638414634
225,Price,39.5994,-110.8107,44.11,52,1,3.44,US,1638414635
226,Copiapó,-27.3667,-70.3333,53.29,55,69,1.41,CL,1638414635
227,Nigel,-26.4314,28.4771,62.2,85,58,7.31,ZA,1638414635
228,Mahanoro,-19.9,48.8,74.77,84,55,1.63,MG,1638414635
229,Half Moon Bay,37.4636,-122.4286,67.12,69,1,0.0,US,1638414472
230,Kruisfontein,-34.0033,24.7314,63.88,89,100,14.52,ZA,1638414636
231,Pula,44.8683,13.8481,55.96,71,75,10.36,HR,1638414636
232,Kraksaan,-7.7585,113.3962,85.14,67,97,3.65,ID,1638414636
233,Khasan,42.4308,130.6434,33.87,51,2,8.66,RU,1638414637
234,Khatanga,71.9667,102.5,-40.88,100,92,1.23,RU,1638414637
235,Shiroishi,38.0033,140.6183,49.48,74,51,15.99,JP,1638414637
236,Onega,63.9061,38.1404,16.75,96,99,3.67,RU,1638414637
237,Kaoma,-14.7833,24.8,65.84,72,99,4.5,ZM,1638414638
238,Vestmanna,62.1564,-7.1664,32.92,55,75,21.85,FO,1638414638
239,Sinnamary,5.3833,-52.95,78.17,89,100,10.83,GF,1638414638
240,Dale,38.1689,-86.99,51.46,100,1,4.61,US,1638414638
241,Barrow,71.2906,-156.7887,-11.18,70,90,9.22,US,1638414639
242,Les Cayes,18.2,-73.75,75.43,78,48,3.89,HT,1638414639
243,Wuwei,37.9281,102.6414,35.62,17,5,2.84,CN,1638414639
244,Linxia Chengguanzhen,35.6003,103.2064,31.39,47,100,0.74,CN,1638414522
245,Wynyard,-41.0,145.7167,73.98,59,100,4.81,AU,1638414640
246,Asău,46.4333,26.4,42.28,79,61,7.9,RO,1638414640
247,Oktyabr'skiy,54.4815,53.471,27.07,90,64,9.17,RU,1638414640
248,Yumen,40.2833,97.2,28.76,28,0,6.87,CN,1638414640
249,Montepuez,-13.1256,38.9997,69.71,92,100,3.94,MZ,1638414641
250,Takoradze,4.8845,-1.7554,79.12,84,56,6.06,GH,1638414641
251,Matveyevka,52.15,56.1833,32.95,97,100,13.44,RU,1638414641
252,Soyo,-6.1349,12.3689,77.16,89,99,4.88,AO,1638414642
253,Salamiyah,35.0113,37.0532,50.65,67,7,12.41,SY,1638414642
254,Codrington,-38.2667,141.9667,63.19,76,76,14.32,AU,1638414642
255,Graaff-Reinet,-32.2522,24.5308,61.92,74,86,4.81,ZA,1638414642
256,Pitimbu,-7.4706,-34.8086,79.39,81,94,10.4,BR,1638414643
257,Troitsko-Pechorsk,62.7084,56.1964,15.46,95,100,5.68,RU,1638414643
258,La Libertad,-2.2333,-80.9,71.37,81,100,8.79,EC,1638414643
259,Bandarbeyla,9.4942,50.8122,74.26,67,0,12.17,SO,1638414643
260,Caravelas,-17.7125,-39.2481,73.87,95,74,7.58,BR,1638414644
261,Ati,13.2154,18.3353,73.27,22,6,14.65,TD,1638414644
262,Guiratinga,-16.3494,-53.7583,72.55,88,63,1.05,BR,1638414644
263,Nkhotakota,-12.9274,34.2961,75.85,73,4,1.25,MW,1638414645
264,Tucumcari,35.1717,-103.725,42.64,31,1,0.0,US,1638414645
265,Dingle,10.9995,122.6711,79.16,88,100,12.97,PH,1638414645
266,‘Āhuimanu,21.4447,-157.8378,80.31,68,90,8.05,US,1638414645
267,Igarka,67.4667,86.5833,-18.85,95,99,6.76,RU,1638414646
268,Salina Cruz,16.1667,-95.2,78.24,71,77,20.71,MX,1638414646
269,Boli,45.7667,130.5167,20.98,71,100,9.04,CN,1638414646
270,Alofi,-19.0595,-169.9187,73.29,94,90,16.11,NU,1638414647
271,Mareeba,-17.0,145.4333,96.44,44,95,5.28,AU,1638414647
272,Atikokan,48.7555,-91.6216,36.73,92,100,15.05,CA,1638414647
273,Port Hardy,50.6996,-127.4199,45.75,79,100,13.71,CA,1638414647
274,San Ramon,37.7799,-121.978,65.37,67,1,0.0,US,1638414648
275,Makkah al Mukarramah,21.4267,39.8261,71.29,70,0,2.06,SA,1638414648
276,Iqaluit,63.7506,-68.5145,10.51,91,100,4.16,CA,1638414648
277,Marzuq,14.4,46.4667,54.63,35,0,0.89,YE,1638414649
278,Olafsvik,64.8945,-23.7142,37.27,97,100,33.38,IS,1638414649
279,Nemuro,43.3236,145.575,34.59,57,30,31.54,JP,1638414649
280,Chilliwack,49.1747,-121.9443,55.11,94,100,7.0,CA,1638414384
281,Vostok,46.4856,135.8833,7.45,78,13,5.66,RU,1638414650
282,Coquimbo,-29.9533,-71.3436,58.73,82,0,2.3,CL,1638414650
283,Valparaíso,-33.0393,-71.6273,55.04,76,0,3.44,CL,1638414650
284,Enshi,30.3,109.4833,54.97,65,16,0.6,CN,1638414651
285,Mayumba,-3.432,10.6554,75.76,91,96,4.23,GA,1638414651
286,Atar,20.5169,-13.0499,68.88,14,100,9.44,MR,1638414651
287,Madison,34.7334,-86.5667,56.84,83,75,14.0,US,1638414652
288,Tuy Hoa,13.0833,109.3,73.54,87,100,15.41,VN,1638414652
289,Ulaangom,49.9811,92.0667,8.65,81,86,3.18,MN,1638414652
290,Jacksonville,30.3322,-81.6556,59.0,86,75,0.0,US,1638414529
291,Naze,28.3667,129.4833,58.41,65,87,12.97,JP,1638414652
292,Rognan,67.0953,15.3878,18.88,90,100,1.43,NO,1638414595
293,Umba,66.6871,34.3429,22.78,80,100,16.58,RU,1638414653
294,Carnarvon,-24.8667,113.6333,75.22,51,0,22.77,AU,1638414653
295,Lompoc,34.6391,-120.4579,68.14,100,90,0.0,US,1638414653
296,Manzhouli,49.6,117.4333,14.86,65,0,25.01,CN,1638414634
297,Meulaboh,4.1363,96.1285,80.91,76,47,5.64,ID,1638414654
298,Provideniya,64.3833,-173.3,0.36,50,0,4.47,RU,1638414654
299,Oudtshoorn,-33.5907,22.2014,60.55,79,100,6.2,ZA,1638414654
300,Bend,44.0582,-121.3153,57.49,68,1,1.01,US,1638414361
301,Ternate,0.8,127.4,82.09,77,100,8.52,ID,1638414655
302,Nome,64.5011,-165.4064,-9.33,65,1,6.91,US,1638414467
303,Pāsighāt,28.0667,95.3333,73.76,42,94,1.25,IN,1638414655
304,Cartagena,10.3997,-75.5144,78.42,89,20,3.44,CO,1638414644
305,Sørland,67.667,12.6934,35.83,54,100,35.86,NO,1638414388
306,Bashtanka,47.4072,32.4387,31.17,82,53,7.67,UA,1638414655
307,Vitim,59.4511,112.5578,-1.05,94,100,6.29,RU,1638414656
308,Pevek,69.7008,170.3133,-9.81,96,99,4.74,RU,1638414656
309,Esso,55.9333,158.7,24.69,96,100,9.26,RU,1638414656
310,Cairns,-16.9167,145.7667,101.07,59,92,14.97,AU,1638414657
311,Shar,49.5886,81.0453,18.57,75,1,11.7,KZ,1638414657
312,Awjilah,29.1081,21.2869,55.0,77,78,4.41,LY,1638414657
313,Marovoay,-16.1,46.6333,77.14,71,5,4.85,MG,1638414658
314,Lagoa,39.05,-27.9833,62.8,82,0,7.83,PT,1638414658
315,Solwezi,-12.1688,26.3894,60.21,82,74,1.74,ZM,1638414658
316,Kaeo,-35.1,173.7833,67.32,93,100,10.18,NZ,1638414658
317,Ust'-Kan,50.9276,84.761,7.59,73,2,4.56,RU,1638414659
318,Kahului,20.8947,-156.47,79.86,80,40,17.27,US,1638414488
319,Angoche,-16.2325,39.9086,76.73,87,3,5.93,MZ,1638414659
320,Sittwe,20.15,92.9,77.45,53,16,6.13,MM,1638414659
321,Rundu,-17.9333,19.7667,68.76,71,96,5.73,NA,1638414660
322,Chicama,-7.8447,-79.1469,61.34,81,96,5.37,PE,1638414660
323,Meadow Lake,34.8014,-106.5436,53.17,30,58,3.69,US,1638414660
324,Honningsvåg,70.9821,25.9704,36.19,55,100,28.68,NO,1638414660
325,Haines Junction,60.7522,-137.5108,13.53,98,100,0.94,CA,1638414661
326,Kosmynino,57.5818,40.7643,22.48,92,99,13.51,RU,1638414661
327,Port Elizabeth,-33.918,25.5701,66.09,85,99,18.28,ZA,1638414661
328,Yangi Marg`ilon,40.4272,71.7189,34.52,64,16,9.22,UZ,1638414662
329,Yining,29.0361,114.5636,54.88,34,9,1.83,CN,1638414662
330,Hualmay,-11.0964,-77.6139,65.7,86,96,6.82,PE,1638414662
331,Kieta,-6.2167,155.6333,85.75,67,99,4.47,PG,1638414662
332,Gijang,35.2442,129.2139,42.57,42,0,6.62,KR,1638414663
333,Moussoro,13.6408,16.4901,72.03,20,9,17.22,TD,1638414663
334,Maricá,-22.9194,-42.8186,76.86,91,62,4.27,BR,1638414663
335,Koumac,-20.5667,164.2833,85.19,66,49,0.65,NC,1638414664
336,Loíza,18.4313,-65.8802,80.87,88,75,12.66,PR,1638414664
337,Banjar,-8.19,114.9675,84.06,81,100,1.16,ID,1638414664
338,Lixouri,38.2019,20.4314,55.96,67,90,4.94,GR,1638414664
339,Magadan,59.5667,150.8,9.32,84,99,31.9,RU,1638414665
340,Igrim,63.1906,64.4162,14.95,95,100,8.43,RU,1638414665
341,Shaoxing,30.011,120.5715,46.35,32,0,4.81,CN,1638414665
342,Fairlie,55.756,-4.8556,36.23,80,40,15.46,GB,1638414665
343,Strängnäs,59.3774,17.0312,32.31,71,100,13.09,SE,1638414666
344,Melo,-32.3667,-54.1833,54.48,88,17,7.2,UY,1638414666
345,Dandong,40.1292,124.3947,41.38,51,2,12.8,CN,1638414618
346,Rabo de Peixe,37.8,-25.5833,60.31,96,20,6.91,PT,1638414667
347,Sur,22.5667,59.5289,72.32,59,0,4.12,OM,1638414667
348,Salinas,36.6777,-121.6555,65.82,49,1,3.44,US,1638414569
349,Nacogdoches,31.6002,-94.6335,59.79,96,1,0.0,US,1638414667
350,Viedma,-40.8135,-62.9967,65.91,71,75,17.49,AR,1638414668
351,L'govskiy,51.6307,35.2775,26.94,88,25,7.58,RU,1638414668
352,Nhulunbuy,-12.2333,136.7667,92.01,58,75,12.66,AU,1638414668
353,Lorengau,-2.0226,147.2712,83.08,78,100,3.02,PG,1638414668
354,Chernyshevskiy,63.0128,112.4714,-12.98,97,100,1.48,RU,1638414669
355,Turan,16.0678,108.2208,71.58,83,40,6.91,VN,1638414669
356,Mananjary,-21.2167,48.3333,74.16,88,54,3.04,MG,1638414669
357,Maribo,54.7766,11.5002,34.95,93,100,29.37,DK,1638414670
358,Kenai,60.5544,-151.2583,19.15,90,90,0.0,US,1638414670
359,Chiapilla,16.5167,-92.7333,71.4,84,13,2.82,MX,1638414670
360,Mirny,62.5353,113.9611,-12.21,95,100,3.89,RU,1638414670
361,São Raimundo Nonato,-9.0153,-42.6994,77.18,68,92,2.28,BR,1638414671
362,Faya,18.3851,42.4509,52.32,55,2,3.0,SA,1638414671
363,Vysokogornyy,50.1167,139.15,7.95,91,100,19.22,RU,1638414671
364,Port Shepstone,-30.7414,30.455,71.49,85,100,6.2,ZA,1638414671
365,Aksu,41.1231,80.2644,27.01,41,0,2.93,CN,1638414632
366,Hambantota,6.1241,81.1185,79.5,75,55,3.91,LK,1638414672
367,Guarapari,-20.6667,-40.4975,76.89,94,16,7.85,BR,1638414672
368,Husavik,66.0449,-17.3389,24.46,83,100,14.43,IS,1638414672
369,Maţāy,28.419,30.7792,57.31,73,93,7.72,EG,1638414673
370,Cap Malheureux,-19.9842,57.6142,82.47,66,1,8.99,MU,1638414673
371,Saint-Pierre,-21.3393,55.4781,75.18,77,75,5.75,RE,1638414673
372,Baykit,61.67,96.37,3.88,98,100,1.34,RU,1638414674
373,Zhigansk,66.7697,123.3711,-40.94,98,66,6.62,RU,1638414674
374,Manado,1.487,124.8455,90.37,62,20,3.44,ID,1638414674
375,Sūsangerd,31.5608,48.1831,66.11,72,100,10.56,IR,1638414675
376,Sabha,27.0377,14.4283,53.89,48,99,8.88,LY,1638414675
377,Longyearbyen,78.2186,15.6401,10.24,61,20,8.05,SJ,1638414676
378,Goma,-1.6792,29.2228,60.82,90,89,3.24,CD,1638414676
379,Veydelevka,50.1521,38.4492,26.42,86,49,8.57,RU,1638414677
380,Portales,34.1862,-103.3344,51.94,38,5,4.92,US,1638414540
381,Sangar,63.9242,127.4739,-30.03,97,11,4.59,RU,1638414677
382,Suárez,2.954,-76.6964,66.67,98,100,2.13,CO,1638414677
383,Bethanien,-26.502,17.1583,57.09,42,41,4.97,NA,1638414678
384,Saint George,37.1041,-113.5841,56.53,32,1,1.99,US,1638414590
385,Versailles,48.8,2.1333,42.46,94,75,11.5,FR,1638414678
386,Valleyview,55.0667,-117.2859,31.53,76,8,6.6,CA,1638414678
387,Marsh Harbour,26.5412,-77.0636,74.55,77,40,16.58,BS,1638414678
388,Quatre Cocos,-20.2078,57.7625,82.09,71,10,13.09,MU,1638414679
389,Mahon,39.8885,4.2658,52.36,93,20,6.91,ES,1638414679
390,São Félix do Xingu,-6.6447,-51.995,72.37,99,100,1.03,BR,1638414679
391,Shiloh,38.5614,-89.8973,55.09,65,1,4.61,US,1638414680
392,Playa del Carmen,20.6274,-87.0799,74.89,97,40,0.0,MX,1638414396
393,Xai-Xai,-25.0519,33.6442,67.86,96,7,6.67,MZ,1638414680
394,Payson,40.0444,-111.7321,49.41,58,40,3.0,US,1638414680
395,Ostrovnoy,68.0531,39.5131,26.69,78,100,31.94,RU,1638414681
396,Najrān,17.4924,44.1277,52.21,34,0,3.4,SA,1638414547
397,Nantucket,41.2835,-70.0995,46.51,61,1,8.05,US,1638414463
398,Cuamba,-14.8031,36.5372,70.41,83,5,4.18,MZ,1638414681
399,Guadalupe,25.6833,-100.25,77.14,77,75,4.61,MX,1638414681
400,Kargat,55.1956,80.2811,10.17,90,90,7.96,RU,1638414682
401,Muhafazat Lahij,13.1667,44.5833,67.33,73,0,3.83,YE,1638414682
402,Mēga,4.05,38.3,57.69,58,83,6.11,ET,1638414682
403,Port Macquarie,-31.4333,152.9167,76.89,94,75,12.66,AU,1638414682
404,Serenje,-13.2325,30.2352,62.76,65,5,2.71,ZM,1638414683
405,Hamilton,39.1834,-84.5333,53.11,88,90,1.01,US,1638414683
406,Tayoltita,24.0833,-105.9333,63.64,66,20,6.02,MX,1638414683
407,Mungwi,-10.1732,31.3694,65.52,76,33,5.28,ZM,1638414684
408,Poum,-20.2333,164.0167,82.27,74,36,14.25,NC,1638414684
409,Ilulissat,69.2167,-51.1,27.01,67,90,11.05,GL,1638414684
410,Labuhan,-6.8844,112.2051,84.36,68,100,4.65,ID,1638414684
411,Kavieng,-2.5744,150.7967,85.5,66,57,8.21,PG,1638414685
412,Dikson,73.5069,80.5464,-8.28,96,100,16.2,RU,1638414685
413,Harper,4.375,-7.7169,78.62,83,47,6.06,LR,1638414685
414,Tautira,-17.7333,-149.15,86.02,76,100,18.95,PF,1638414685
415,Ryōtsu-minato,38.0833,138.4333,43.93,65,92,16.89,JP,1638414686
416,Neosho,36.869,-94.368,54.79,74,58,7.92,US,1638414411
417,Hofn,64.2539,-15.2082,28.29,94,100,6.67,IS,1638414686
418,Sandakan,5.8402,118.1179,85.12,67,88,5.23,MY,1638414686
419,Chapais,49.7834,-74.8492,13.26,90,100,6.89,CA,1638414687
420,Rock Springs,41.5875,-109.2029,45.23,58,1,5.99,US,1638414651
421,Vila Franca do Campo,37.7167,-25.4333,61.21,85,23,5.68,PT,1638414687
422,Solnechnyy,50.7214,136.6319,15.15,67,66,4.03,RU,1638414687
423,Gordeyevka,52.9569,31.9703,25.61,89,87,11.61,RU,1638414688
424,Andenes,69.3143,16.1194,33.78,55,100,24.16,NO,1638414392
425,Yerbogachën,61.2767,108.0108,-18.42,97,94,3.8,RU,1638414688
426,Iporá,-16.4419,-51.1178,70.9,90,98,2.66,BR,1638414688
427,Bela,25.9333,81.9833,67.78,42,99,4.59,IN,1638414688
428,São José da Coroa Grande,-8.8978,-35.1478,78.44,84,93,9.24,BR,1638414689
429,Broome,42.2506,-75.833,38.46,76,90,1.99,US,1638414689
430,Alegrete,-29.7831,-55.7919,64.51,77,9,11.86,BR,1638414689
431,Lewistown,40.5992,-77.5714,43.25,89,90,0.0,US,1638414690
432,Lokosovo,61.1333,74.8167,35.06,87,100,14.56,RU,1638414690
433,Whitecourt,54.1502,-115.6855,27.54,96,48,3.09,CA,1638414690
434,Constitución,-35.3333,-72.4167,52.14,87,80,10.07,CL,1638414691
435,Ozieri,40.586,9.0012,47.82,91,98,10.13,IT,1638414691
436,Sassandra,4.95,-6.0833,77.16,89,45,3.94,CI,1638414691
437,Shaoyang,27.2315,111.4525,53.94,33,0,1.72,CN,1638414691
438,Nouadhibou,20.931,-17.0347,66.51,46,63,21.05,MR,1638414692
439,Al Bardīyah,31.7561,25.0865,58.42,61,83,12.24,LY,1638414692
440,Mana,5.6592,-53.7767,77.14,91,100,10.47,GF,1638414692
441,Sungai Raya,0.7,108.9,88.25,60,91,2.04,ID,1638414693
442,El Pueblito,20.5333,-100.45,56.44,54,78,6.76,MX,1638414693
443,Turukhansk,65.8167,87.9833,-4.88,88,88,12.06,RU,1638414693
444,Shitanjing,39.2342,106.3439,29.75,32,0,8.77,CN,1638414693
445,Litovko,49.2361,135.1742,7.02,79,73,8.21,RU,1638414694
446,Teknāf,20.8624,92.3058,77.76,58,44,2.71,BD,1638414694
447,Salyan,39.5936,48.9805,48.49,75,94,8.01,AZ,1638414694
448,Xingyi,24.1877,102.817,53.24,73,69,4.34,CN,1638414694
449,Mount Gambier,-37.8333,140.7667,64.31,68,90,10.36,AU,1638414695
450,Westport,41.1415,-73.3579,46.98,75,90,1.01,US,1638414518
451,Riyadh,24.6877,46.7219,59.05,36,0,4.61,SA,1638414513
452,Souillac,-20.5167,57.5167,82.36,74,75,6.91,MU,1638414695
453,Korla,41.7597,86.1469,25.7,61,1,2.66,CN,1638414695
454,Antalaha,-14.9003,50.2788,73.56,88,47,5.19,MG,1638414696
455,Antofagasta,-23.65,-70.4,63.68,82,48,3.96,CL,1638414696
456,Micheweni,-4.9667,39.8333,77.9,81,55,4.79,TZ,1638414696
457,Eydhafushi,5.1033,73.0708,81.39,76,20,3.6,MV,1638414696
458,Murray Bridge,-35.1167,139.2667,85.82,56,13,17.98,AU,1638414697
459,Chu,43.5983,73.7614,37.6,52,53,8.41,KZ,1638414697
460,Siguiri,11.6667,-9.5,73.54,24,8,1.97,GN,1638414697
461,Bonga,7.2833,36.2333,56.8,84,84,1.48,ET,1638414698
462,Bubaque,11.2833,-15.8333,81.59,64,100,14.52,GW,1638414698
463,Khammam,17.25,80.15,71.42,70,41,5.73,IN,1638414698
464,Ust'ye,59.6304,39.736,20.1,90,99,11.74,RU,1638414698
465,Breves,-1.6822,-50.4803,76.06,86,93,4.12,BR,1638414699
466,Port Hedland,-20.3167,118.5667,107.65,9,14,11.5,AU,1638414699
467,Tura,25.5198,90.2201,72.7,54,10,2.39,IN,1638414699
468,Luzhany,48.3649,25.7717,45.05,66,86,7.94,UA,1638414700
469,Ola,59.5833,151.2833,8.58,80,100,27.67,RU,1638414700
470,Grand-Bourg,15.8835,-61.3148,79.09,74,86,21.77,GP,1638414700
471,Trairi,-3.2778,-39.2689,79.88,78,78,8.25,BR,1638414561
472,Wanning,18.8003,110.3967,71.71,51,100,13.89,CN,1638414700
473,Roald,62.5833,6.1333,35.17,80,90,17.27,NO,1638414701
474,Otyniya,48.7377,24.8611,43.36,69,100,10.8,UA,1638414701
475,Hailey,43.5196,-114.3153,35.46,93,1,8.05,US,1638414701
476,Kurumkan,54.3,110.3,7.43,87,93,3.15,RU,1638414702
477,Lavrentiya,65.5833,-171.0,-11.22,83,0,5.93,RU,1638414702
478,Goderich,43.7501,-81.7165,39.9,95,100,25.99,CA,1638414702
479,Eureka,40.8021,-124.1637,51.93,90,0,1.99,US,1638414702
480,North Bend,43.4065,-124.2243,52.92,99,90,6.91,US,1638414703
481,Agüimes,27.9054,-15.4461,63.23,68,40,19.57,ES,1638414703
482,Mendi,-6.1761,143.6513,68.27,78,99,4.54,PG,1638414703
483,Xinxiang,35.3089,113.8672,51.12,19,0,9.24,CN,1638414704
484,Padang,-0.9492,100.3543,82.45,65,46,3.53,ID,1638414704
485,Touros,-5.1989,-35.4608,79.7,77,81,9.46,BR,1638414704
486,Puerto Madero,14.7208,-92.4215,73.6,100,1,0.0,MX,1638414704
487,Jalandhar,31.3256,75.5792,62.19,35,100,2.53,IN,1638414585
488,Kloulklubed,7.0419,134.2556,86.5,76,100,19.71,PW,1638414705
489,St. Pete Beach,27.7253,-82.7412,66.16,76,16,6.31,US,1638414705
490,Narsaq,60.9167,-46.05,30.72,98,100,16.71,GL,1638414705
491,Saquarema,-22.92,-42.5103,72.82,91,43,5.03,BR,1638414706
492,La Reforma,25.0833,-108.05,75.49,66,39,9.53,MX,1638414706
493,Grindavik,63.8424,-22.4338,37.87,93,90,35.68,IS,1638414706
494,São Lourenço da Serra,-23.8525,-46.9425,70.0,96,100,3.71,BR,1638414706
495,Nahariya,33.0059,35.0941,66.11,68,78,1.99,IL,1638414707
496,Deesa,24.25,72.1667,67.33,53,85,6.53,IN,1638414707
497,São João da Barra,-21.6403,-41.0511,71.71,94,2,7.02,BR,1638414707
498,Broken Hill,-31.95,141.4333,96.04,19,6,16.35,AU,1638414708
499,Margate,51.3813,1.3862,38.7,74,37,4.0,GB,1638414708
500,Barra de Tecoanapa,16.5167,-98.75,78.75,80,1,3.44,MX,1638414708
501,Aire-sur-la-Lys,50.6387,2.3988,42.55,90,100,18.5,FR,1638414708
502,Kisangani,0.5167,25.2,69.44,100,99,2.75,CD,1638414709
503,Quinchía,5.3396,-75.7302,56.35,98,70,2.21,CO,1638414709
504,Arrondissement de Lannion,48.75,-3.4167,45.41,65,75,11.5,FR,1638414709
505,Altea,38.5989,-0.0514,56.37,64,95,11.52,ES,1638414709
506,Conceição do Araguaia,-8.2578,-49.2647,72.05,96,100,1.12,BR,1638414710
507,Sinop Province,41.7711,34.8709,35.06,82,31,9.26,TR,1638414710
508,Teguise,29.0605,-13.564,57.42,77,0,9.22,ES,1638414710
509,Shingū,33.7333,135.9833,52.75,42,0,2.08,JP,1638414710
510,Nanzhou,29.3596,112.4024,55.54,21,4,2.62,CN,1638414711
511,Shimoni,-4.6476,39.3817,77.54,81,96,3.85,KE,1638414711
512,Fowa,8.9167,6.4,74.17,32,93,2.33,NG,1638414711
513,Bamiantong,44.9333,130.5333,23.59,77,91,12.86,CN,1638414712
514,Chabahar,25.2919,60.643,73.51,44,0,3.74,IR,1638414712
515,Vestmannaeyjar,63.4427,-20.2734,37.87,98,100,34.4,IS,1638414712
516,Norrköping,58.5942,16.1826,28.98,90,75,14.97,SE,1638414712
517,Vao,-22.6667,167.4833,76.86,78,54,16.22,NC,1638414713
518,Kaohsiung City,22.6163,120.3133,75.15,57,20,3.0,TW,1638414713
519,Hermagor,46.6272,13.3672,41.9,98,100,2.13,AT,1638414713
520,Ucluelet,48.9329,-125.5528,52.09,95,100,12.26,CA,1638414714
521,Krasnosel'kup,65.7,82.4667,2.79,95,100,13.24,RU,1638414714
522,Qui Nhon,13.7667,109.2333,73.98,83,100,20.69,VN,1638414714
523,Lagunillas,10.1301,-71.2595,77.72,81,24,5.82,VE,1638414714
524,San Cristobal,7.7669,-72.225,68.18,93,65,2.01,VE,1638414715
525,Maraã,-1.8333,-65.3667,73.18,99,100,2.44,BR,1638414674
526,Praia,14.9215,-23.5087,73.94,73,75,18.41,CV,1638414618
527,Bełchatów,51.3688,19.3567,44.29,78,100,21.65,PL,1638414715
528,Camapuã,-19.5314,-54.0439,73.69,85,14,1.5,BR,1638414715
529,Kamyshin,50.0983,45.416,29.35,90,66,8.16,RU,1638414716
530,Zhigalovo,54.8097,105.1578,16.83,90,100,1.74,RU,1638414716
531,Esterhazy,50.65,-102.0843,34.47,81,90,19.15,CA,1638414716
532,Sonoita,31.85,-112.8333,68.63,26,91,3.6,MX,1638414716
533,Lang Son,21.8333,106.7333,64.2,33,61,5.26,VN,1638414717
534,Moose Factory,51.2585,-80.6094,18.72,87,99,8.61,CA,1638414717
535,Tumpat,6.1978,102.171,77.16,88,100,10.65,MY,1638414717
536,Carroll,39.5501,-77.0164,50.31,65,90,1.01,US,1638414718
537,Binzhou,37.3667,118.0167,49.26,45,0,14.76,CN,1638414718
538,Garoowe,8.4054,48.4845,64.58,77,35,7.16,SO,1638414718
539,Maltahöhe,-24.8333,16.9833,62.17,32,77,4.41,NA,1638414719
540,Medford,42.3265,-122.8756,43.61,100,90,0.0,US,1638414672
541,Sakakah,29.9697,40.2064,55.09,75,41,8.01,SA,1638414719
542,Burns Lake,54.2331,-125.7533,32.23,90,87,7.96,CA,1638414719
543,Creel,27.75,-107.6333,46.49,70,2,1.77,MX,1638414719
544,Pokaran,26.9167,71.9167,68.9,25,73,7.0,IN,1638414720
545,Williams Lake,52.1415,-122.1445,24.22,96,100,2.1,CA,1638414720
546,Richards Bay,-28.783,32.0377,72.97,86,35,15.41,ZA,1638414720
547,Storsteinnes,69.2408,19.2344,32.0,92,100,7.16,NO,1638414721
548,Talaya,61.3833,152.75,-20.34,98,100,7.56,RU,1638414721
549,Naryan-Mar,67.6713,53.087,10.18,95,100,15.43,RU,1638414721
550,Kysyl-Syr,63.8986,122.7617,-24.21,98,99,2.62,RU,1638414722
551,Saint-Joseph,-21.3667,55.6167,74.1,81,30,11.95,RE,1638414722
552,Minnedosa,50.2453,-99.8436,35.02,84,92,20.67,CA,1638414722
553,Fairbanks,64.8378,-147.7164,-3.69,73,20,0.0,US,1638414464
554,Buraidah,26.326,43.975,61.02,22,65,11.9,SA,1638414723
555,Klaksvík,62.2266,-6.589,34.72,62,97,23.8,FO,1638414723
556,Ko Samui,9.5357,99.9357,81.19,77,41,19.46,TH,1638414564
557,Fort Nelson,58.8053,-122.7002,-13.25,100,43,2.08,CA,1638414723
558,Puerto Nariño,-3.7703,-70.3831,75.15,99,100,1.74,CO,1638414723
559,Tyubuk,56.0552,60.9405,33.44,94,100,6.15,RU,1638414724
560,Shubarshi,48.5872,57.1869,34.63,90,100,11.99,KZ,1638414724
561,Iranshahr,27.2025,60.6848,62.74,31,0,3.6,IR,1638414724
562,College,64.8569,-147.8028,-2.54,76,75,0.0,US,1638414725
563,Khovd,48.0056,91.6419,17.8,53,0,0.49,MN,1638414725
564,Ixtapa,20.7,-105.2,76.23,83,1,0.0,MX,1638414678
565,Kununurra,-15.7667,128.7333,102.18,30,100,9.22,AU,1638414725
566,Vaasa,63.096,21.6158,17.94,92,90,0.0,FI,1638414726
567,Kyzyl-Suu,42.3414,78.0056,26.91,57,2,9.75,KG,1638414726
568,Anantnag,33.7333,75.15,41.79,31,73,2.06,IN,1638414726
569,Yingkou,40.6648,122.2283,42.84,47,1,19.57,CN,1638414727
570,Bloomfield,40.8068,-74.1854,48.63,66,90,0.0,US,1638414603
571,Lundazi,-12.2929,33.1782,68.02,79,4,7.99,ZM,1638414727
572,Lawton,34.6087,-98.3903,56.73,60,1,3.44,US,1638414513
